customer id,Credit history,Purpose,Credit amount,Installment rate ,guarantors,Other installment plans,Number of existing credits ,liable to provide maintenance 
AB-100151402,critical account,radio/television,1169,4,none,none,2,1
JR-162107,existing credits paid back duly till now,radio/television,5951,2,none,none,1,1
CR-127307,critical account,education,2096,2,none,none,1,2
KM-1637548,existing credits paid back duly till now,furniture/equipment,7882,2,guarantor,none,1,2
RH-9495111,delay in paying off in the past, New Car,4870,3,none,none,2,2
JM-156557,existing credits paid back duly till now,education,9055,2,none,none,1,2
TS-2134092,existing credits paid back duly till now,furniture/equipment,2835,3,none,none,1,1
MB-1808592,existing credits paid back duly till now,Used Car,6948,2,none,none,1,1
AB-100151404,existing credits paid back duly till now,radio/television,3059,2,none,none,1,1
AJ-107801,critical account, New Car,5234,4,none,none,2,1
MM-7260110,existing credits paid back duly till now, New Car,1295,3,none,none,1,1
VF-2171518,existing credits paid back duly till now,business,4308,3,none,none,1,1
PF-1912027,existing credits paid back duly till now,radio/television,1567,1,none,none,1,1
BP-1118545,critical account, New Car,1199,4,none,none,2,1
PJ-1883564,existing credits paid back duly till now, New Car,1403,2,none,none,1,1
JS-156857,existing credits paid back duly till now,radio/television,1282,4,none,none,1,1
RH-9555129,critical account,radio/television,2424,4,none,none,2,1
AB-600103,all credits paid back duly,business,8072,2,none,Bank,3,1
JK-1532527,existing credits paid back duly till now,Used Car,12579,4,none,none,1,1
LB-16795139,existing credits paid back duly till now,radio/television,3430,3,none,none,1,2
NP-1832582,critical account, New Car,2134,4,none,none,3,1
VD-2167039,existing credits paid back duly till now,radio/television,2647,2,none,none,1,2
PB-19210127,critical account, New Car,2241,1,none,none,2,2
EB-1411048,critical account,Used Car,1804,3,none,none,1,1
AH-100301406,critical account,furniture/equipment,2069,2,none,none,2,1
BP-1123058,existing credits paid back duly till now,furniture/equipment,1374,1,none,Bank,1,1
RR-1952536,all credits paid back duly,radio/television,426,4,none,none,1,1
BS-1136545,all credits at this bank paid back duly,radio/television,409,3,none,none,2,1
AH-100301404,existing credits paid back duly till now,radio/television,2415,3,guarantor,none,1,1
DP-131057,delay in paying off in the past,business,6836,3,none,none,2,1
AH-1003033,existing credits paid back duly till now,business,1913,3,none,Bank,1,1
PO-18865139,existing credits paid back duly till now,furniture/equipment,4020,2,none,stores,1,1
DL-128657,existing credits paid back duly till now, New Car,5866,2,none,none,2,1
JB-1600059,critical account,business,1264,4,none,none,1,1
BF-1100558,existing credits paid back duly till now,furniture/equipment,1474,4,none,Bank,1,1
VG-2180558,critical account,radio/television,4746,4,none,none,2,1
GT-14710139,critical account,education,6110,1,none,Bank,1,1
ZC-2191048,existing credits paid back duly till now,radio/television,2100,4,co-applicant,stores,1,1
AH-100301408,existing credits paid back duly till now,domestic appliances,1225,2,none,none,1,1
EB-1384045,existing credits paid back duly till now,radio/television,458,4,none,none,1,1
AP-1091527,existing credits paid back duly till now,radio/television,2333,4,none,Bank,1,1
SW-2027558,existing credits paid back duly till now,radio/television,1158,3,none,none,1,1
JH-15820141,delay in paying off in the past,repairs,6204,2,none,none,1,2
TG-1164060,critical account,Used Car,6187,1,none,none,2,1
DG-330087,critical account,Used Car,6143,4,none,stores,2,1
SG-2047058,critical account, New Car,1393,4,none,none,2,1
GP-1474058,existing credits paid back duly till now,radio/television,2299,4,none,none,1,1
MW-182207,existing credits paid back duly till now,Used Car,1352,1,none,none,1,1
CS-1246011,critical account, New Car,7228,1,none,none,2,1
MS-1798048,existing credits paid back duly till now,radio/television,2073,4,co-applicant,none,1,1
KC-1667548,delay in paying off in the past,furniture/equipment,2333,4,none,Bank,1,1
DB-1340527,delay in paying off in the past,Used Car,5965,1,none,none,2,1
AS-100451408,existing credits paid back duly till now,radio/television,1262,3,none,none,1,1
DK-13090120,existing credits paid back duly till now,Used Car,3378,2,none,none,1,1
CS-1184558,delay in paying off in the past, New Car,2225,4,none,Bank,2,1
EM-1420082,all credits at this bank paid back duly, New Car,783,1,guarantor,stores,1,2
DW-3480137,existing credits paid back duly till now,radio/television,6468,2,none,none,1,1
AS-1022527,critical account,radio/television,9566,2,none,stores,2,1
ST-2053093,existing credits paid back duly till now, New Car,1961,3,none,none,1,1
BW-106533,critical account,furniture/equipment,6229,4,co-applicant,none,2,1
LA-1678059,existing credits paid back duly till now,business,1391,2,none,Bank,1,1
AB-10150139,critical account,radio/television,1537,4,guarantor,none,2,1
JH-158207,all credits paid back duly,business,1953,4,none,none,1,1
AS-100451402,all credits paid back duly,business,14421,2,none,none,1,1
BE-1141048,existing credits paid back duly till now,radio/television,3181,4,none,none,1,1
SZ-2003527,existing credits paid back duly till now,repairs,5190,4,none,none,4,2
RM-1937558,existing credits paid back duly till now,radio/television,2171,2,none,Bank,1,1
HG-1484545,existing credits paid back duly till now, New Car,1007,4,none,none,1,1
DP-310586,existing credits paid back duly till now,education,1819,4,none,stores,1,1
AS-100451404,existing credits paid back duly till now,radio/television,2394,4,none,none,1,1
JB-1600048,existing credits paid back duly till now,Used Car,8133,1,none,Bank,1,1
AM-1070559,critical account,radio/television,730,4,none,none,2,1
AB-25586,critical account,Others,1164,3,none,Bank,2,2
RP-192707,critical account,business,5954,2,none,Bank,2,1
BK-1126011,existing credits paid back duly till now,education,1977,4,none,none,1,1
JM-1525027,critical account,Used Car,1526,4,none,none,2,1
NZ-1856545,existing credits paid back duly till now,radio/television,3965,4,none,none,1,1
SC-20695102,delay in paying off in the past,radio/television,4771,2,none,none,1,1
NC-186257,all credits paid back duly,Used Car,9436,2,none,none,1,2
NF-183858,existing credits paid back duly till now,furniture/equipment,3832,2,none,none,1,1
NZ-185657,existing credits paid back duly till now,radio/television,5943,1,none,none,2,1
PM-1894045,existing credits paid back duly till now,radio/television,1213,4,none,stores,1,1
MZ-1733545,existing credits paid back duly till now,business,1568,3,none,none,1,1
HM-498033,existing credits paid back duly till now,Others,1755,4,guarantor,none,1,1
RW-195407,existing credits paid back duly till now,radio/television,2315,3,none,none,1,1
LH-1715545,critical account,business,1412,4,guarantor,none,2,1
FH-1436582,critical account,furniture/equipment,1295,4,none,none,2,1
KM-1666048,existing credits paid back duly till now,education,12612,1,none,none,1,2
PO-1886545,existing credits paid back duly till now, New Car,2249,4,none,none,1,2
AS-100451406,all credits paid back duly,repairs,1108,4,none,none,2,1
AB-1006028,critical account,radio/television,618,4,none,none,1,1
DB-130607,critical account,Used Car,1409,4,none,none,1,1
VM-2168591,critical account,radio/television,797,4,none,Bank,1,2
DM-1352548,critical account,furniture/equipment,3617,4,co-applicant,none,2,1
NM-18520120,existing credits paid back duly till now, New Car,1318,4,none,none,1,1
LC-168857,all credits paid back duly,business,15945,3,none,none,1,1
RO-1978027,critical account,education,2012,4,none,none,1,1
EM-1406548,existing credits paid back duly till now,business,2622,4,none,none,1,1
ON-1871545,critical account,radio/television,2337,4,none,none,1,1
VS-2182027,delay in paying off in the past,Used Car,7057,3,none,Bank,2,2
CM-121157,existing credits paid back duly till now, New Car,1469,4,none,none,1,1
AB-100601404,existing credits paid back duly till now,radio/television,2323,4,none,none,1,1
AB-100601406,delay in paying off in the past,radio/television,932,3,none,none,1,1
JK-153257,critical account,furniture/equipment,1919,4,none,none,1,1
RP-1927045,existing credits paid back duly till now,Used Car,2445,2,none,none,1,1
DW-1354078,critical account,Others,11938,2,co-applicant,none,2,2
AB-100601408,all credits at this bank paid back duly, New Car,6458,2,none,Bank,2,2
GM-1444037,existing credits paid back duly till now, New Car,6078,2,none,none,1,1
SV-2081558,existing credits paid back duly till now,furniture/equipment,7721,1,none,none,1,1
MM-1792027,existing credits paid back duly till now,business,1410,1,none,none,1,1
JK-1612059,delay in paying off in the past,business,1449,1,none,Bank,2,2
EM-14200130,existing credits paid back duly till now,education,392,4,none,none,1,1
AB-100601402,existing credits paid back duly till now, New Car,6260,3,none,none,1,1
PM-1894059,critical account, New Car,7855,4,none,stores,2,1
AT-1043582,existing credits paid back duly till now,radio/television,1680,3,none,none,1,1
AB-1001527,critical account,radio/television,3578,4,none,none,1,1
PV-1898518,existing credits paid back duly till now,radio/television,7174,4,none,none,1,1
SB-2029064,critical account,furniture/equipment,2132,2,co-applicant,none,2,1
SM-10005116,critical account,furniture/equipment,4281,1,none,none,2,1
KH-1633059,critical account, New Car,2366,3,none,none,1,1
MP-181757,existing credits paid back duly till now,radio/television,1835,3,none,none,2,1
LH-1702027,critical account,Used Car,3868,4,none,none,2,1
CR-126257,existing credits paid back duly till now,furniture/equipment,1768,3,none,none,1,1
NC-1862511,critical account, New Car,781,4,none,none,2,1
GM-1468091,existing credits paid back duly till now,furniture/equipment,1924,4,none,none,1,1
RA-1994545,critical account, New Car,2121,4,none,none,2,1
DB-1306048,existing credits paid back duly till now,radio/television,701,4,none,none,1,1
RF-197357,existing credits paid back duly till now,repairs,639,4,none,none,1,1
JH-1582048,critical account,Used Car,1860,4,none,none,2,1
DM-1295551,critical account, New Car,3499,3,co-applicant,none,2,1
BE-1133582,existing credits paid back duly till now, New Car,8487,1,none,none,1,1
SO-2033527,delay in paying off in the past,education,6887,4,none,stores,1,1
DK-12835120,existing credits paid back duly till now,furniture/equipment,2708,2,none,Bank,2,1
LC-7050110,existing credits paid back duly till now,furniture/equipment,1984,4,none,Bank,2,1
CG-125207,existing credits paid back duly till now,radio/television,10144,2,none,none,1,1
HG-1502559,critical account,radio/television,1240,4,none,none,2,1
AD-1018059,delay in paying off in the past,Used Car,8613,2,none,none,2,1
BP-11155139,existing credits paid back duly till now,radio/television,766,4,none,none,1,1
AA-10480130,critical account,radio/television,2728,4,guarantor,Bank,3,1
RL-196157,existing credits paid back duly till now,radio/television,1881,2,none,none,1,1
SW-2024559,existing credits paid back duly till now, New Car,709,2,none,none,1,1
BW-1111027,existing credits paid back duly till now,radio/television,4795,4,none,none,1,1
YC-21895139,existing credits paid back duly till now,radio/television,3416,3,none,none,1,1
JM-1558082,existing credits paid back duly till now,furniture/equipment,2462,2,none,none,1,1
MZ-733513,critical account,furniture/equipment,2288,4,none,none,1,1
JF-15295120,all credits at this bank paid back duly,business,3566,4,none,none,1,1
DJ-3510137,critical account, New Car,860,1,none,none,2,1
MF-1825045,critical account, New Car,682,4,none,none,2,1
TC-2129545,critical account,furniture/equipment,5371,3,guarantor,none,2,1
CP-1234058,critical account,radio/television,1582,4,none,none,2,1
EH-1412545,existing credits paid back duly till now,radio/television,1346,2,none,Bank,1,2
NC-183407,existing credits paid back duly till now,radio/television,1924,1,none,none,1,1
JS-1603059,existing credits paid back duly till now,radio/television,5848,4,none,none,1,1
AM-10360139,critical account,Used Car,7758,2,none,none,1,1
JF-1519021,delay in paying off in the past,business,6967,4,none,none,1,1
AB-100157,existing credits paid back duly till now,furniture/equipment,1282,2,none,none,1,1
JG-15160139,critical account,repairs,1288,3,guarantor,none,2,2
AH-100751406,all credits at this bank paid back duly,retraining,339,4,none,Bank,1,1
AG-1033059,existing credits paid back duly till now, New Car,3512,2,none,Bank,2,1
NF-1847548,critical account,radio/television,1898,1,none,none,2,2
DR-129407,critical account,radio/television,2872,3,none,none,1,2
NB-1865548,critical account, New Car,1055,4,none,none,2,1
NM-1844527,existing credits paid back duly till now,domestic appliances,1262,4,none,none,2,1
TA-213857,existing credits paid back duly till now, New Car,7308,2,none,Bank,1,1
SC-20380102,existing credits paid back duly till now, New Car,909,4,none,none,1,1
PA-9060117,existing credits paid back duly till now,furniture/equipment,2978,1,none,none,1,1
RB-19570120,existing credits paid back duly till now,furniture/equipment,1131,4,none,none,1,1
AH-100751404,existing credits paid back duly till now,furniture/equipment,1577,4,none,none,1,1
LH-1675036,existing credits paid back duly till now,furniture/equipment,3972,2,none,none,1,1
AH-100751402,critical account,business,1935,4,none,none,2,1
KB-1658527,all credits paid back duly, New Car,950,4,none,none,2,2
AH-1007523,existing credits paid back duly till now,furniture/equipment,763,4,none,none,1,1
MZ-751560,delay in paying off in the past,furniture/equipment,2064,3,none,none,1,1
DM-1334558,existing credits paid back duly till now,radio/television,1414,4,guarantor,none,1,1
CA-1196566,delay in paying off in the past,education,3414,2,none,none,2,1
SC-20305120,all credits at this bank paid back duly,Used Car,7485,4,none,Bank,1,1
MH-1811558,existing credits paid back duly till now,furniture/equipment,2577,2,none,none,1,1
KS-163007,critical account,radio/television,338,4,none,none,2,1
BG-1174078,existing credits paid back duly till now,radio/television,1963,4,none,none,2,2
CR-2625108,critical account, New Car,571,4,none,none,2,1
DK-1309027,delay in paying off in the past,business,9572,1,none,none,2,1
JL-1583527,delay in paying off in the past,business,4455,2,none,stores,2,1
AP-1072058,all credits at this bank paid back duly, New Car,1647,4,none,none,2,2
CR-1282058,critical account,furniture/equipment,3777,4,none,none,1,1
BF-110807,critical account, New Car,884,4,none,Bank,1,2
JM-15265102,critical account,radio/television,1360,4,none,none,2,1
TW-2102545,all credits at this bank paid back duly,Used Car,5129,2,none,Bank,1,2
RB-1933045,critical account, New Car,1175,2,none,none,3,1
AH-100751408,existing credits paid back duly till now,radio/television,674,4,none,none,1,1
AB-10060117,all credits paid back duly,furniture/equipment,3244,1,none,Bank,2,1
JR-567038,existing credits paid back duly till now,business,4591,2,none,none,3,1
MD-1735028,all credits paid back duly,business,3844,4,none,none,1,2
EB-13840139,existing credits paid back duly till now,business,3915,4,none,none,1,2
JL-58359,existing credits paid back duly till now,radio/television,2108,2,none,none,1,1
EP-1391559,existing credits paid back duly till now,radio/television,3031,4,guarantor,none,1,1
MS-17770139,critical account,education,1501,2,none,none,2,1
CM-1265545,critical account,radio/television,1382,1,none,none,2,1
JC-610575,existing credits paid back duly till now,furniture/equipment,951,4,none,Bank,4,1
GB-145307,existing credits paid back duly till now,Used Car,2760,4,none,Bank,1,1
JH-161805,delay in paying off in the past,furniture/equipment,4297,4,none,none,1,1
MT-807038,critical account,education,936,4,none,none,2,1
AB-1010558,existing credits paid back duly till now, New Car,1168,4,none,none,1,1
CV-280572,delay in paying off in the past,business,5117,3,none,none,2,1
NH-1861092,existing credits paid back duly till now,retraining,902,4,none,none,1,1
HJ-1487527,critical account, New Car,1495,4,none,none,2,2
JL-1517518,critical account,Used Car,10623,3,none,none,3,2
MY-1829593,critical account,furniture/equipment,1935,4,none,none,3,1
KC-1654093,critical account,domestic appliances,1424,4,none,none,1,1
CS-1246093,existing credits paid back duly till now,business,6568,2,none,stores,1,1
HA-1492027,existing credits paid back duly till now,Used Car,1413,3,none,none,1,1
MT-1781545,critical account,radio/television,3074,1,none,none,2,2
FW-1439545,existing credits paid back duly till now,radio/television,3835,2,none,none,1,1
BH-1171048,all credits paid back duly,business,5293,2,none,stores,2,1
DK-1289559,delay in paying off in the past,business,1908,4,none,none,1,1
KD-1627018,critical account,radio/television,3342,4,none,none,1,1
SC-208458,critical account,retraining,932,1,none,none,2,1
CY-1274582,all credits paid back duly,business,3104,3,none,Bank,1,1
HL-150407,existing credits paid back duly till now,radio/television,3913,2,none,none,1,1
CT-1199566,existing credits paid back duly till now,furniture/equipment,3021,2,none,none,1,1
CC-12370139,existing credits paid back duly till now, New Car,1364,2,none,none,1,1
GR-456072,existing credits paid back duly till now,radio/television,625,4,guarantor,Bank,1,1
TT-2107058,existing credits paid back duly till now,education,1200,4,none,Bank,1,1
PO-19195120,existing credits paid back duly till now,radio/television,707,4,none,Bank,2,1
ED-13885144,delay in paying off in the past,business,2978,4,none,none,2,2
AP-1091559,existing credits paid back duly till now,Used Car,4657,3,none,none,1,1
TM-2149031,all credits paid back duly,repairs,2613,4,none,none,2,1
AW-1084091,existing credits paid back duly till now,radio/television,10961,1,co-applicant,Bank,2,1
SG-10605107,existing credits paid back duly till now,furniture/equipment,7865,4,none,none,1,1
BM-1178582,existing credits paid back duly till now,radio/television,1478,4,none,none,1,1
DK-1337582,existing credits paid back duly till now,furniture/equipment,3149,4,none,Bank,1,1
AS-100901406,existing credits paid back duly till now,radio/television,4210,4,none,none,1,1
AS-100901402,existing credits paid back duly till now, New Car,2507,2,none,none,1,1
SF-10200134,existing credits paid back duly till now,radio/television,2141,3,none,none,1,1
JW-5220111,existing credits paid back duly till now,radio/television,866,4,guarantor,none,1,1
CC-1210082,critical account,radio/television,1544,2,none,none,3,2
RD-1993092,existing credits paid back duly till now,radio/television,1823,4,none,stores,1,2
BP-123022,existing credits paid back duly till now, New Car,14555,1,none,none,1,1
SA-20830139,existing credits paid back duly till now,business,2767,4,none,Bank,2,1
EM-1381058,critical account,radio/television,1291,4,none,none,2,1
CS-12175130,existing credits paid back duly till now,radio/television,2522,1,guarantor,none,1,2
JD-16060120,existing credits paid back duly till now, New Car,915,4,none,Bank,1,1
GH-1466527,existing credits paid back duly till now,radio/television,1595,3,none,none,1,2
CM-1193527,all credits paid back duly,Used Car,4605,3,none,none,2,2
JB-1600093,critical account,business,1185,3,none,none,2,1
RB-9465108,all credits at this bank paid back duly,retraining,3447,4,none,none,1,2
RB-1979518,existing credits paid back duly till now,business,1258,4,none,none,1,1
PO-191957,critical account,radio/television,717,4,none,none,3,1
TS-212057,all credits paid back duly, New Car,1204,4,none,Bank,1,1
MV-8190117,existing credits paid back duly till now,furniture/equipment,1925,2,none,none,1,1
BD-11560139,existing credits paid back duly till now,radio/television,433,3,co-applicant,none,1,1
PS-1876059,critical account, New Car,666,3,none,none,2,1
FM-1421551,existing credits paid back duly till now,furniture/equipment,2251,1,none,none,1,1
CA-1277558,existing credits paid back duly till now, New Car,2150,4,guarantor,Bank,1,1
CD-1279048,delay in paying off in the past,furniture/equipment,4151,2,none,none,2,1
NL-1831092,existing credits paid back duly till now,furniture/equipment,2030,2,none,none,1,1
TB-2105545,delay in paying off in the past,radio/television,7418,1,none,none,1,1
KD-1649527,critical account,radio/television,2684,4,none,none,2,1
EH-412557,all credits at this bank paid back duly,radio/television,2149,4,none,none,1,1
KB-1660058,existing credits paid back duly till now,Used Car,3812,1,none,none,1,1
MG-1769564,critical account,radio/television,1154,4,none,none,3,1
VF-21715102,existing credits paid back duly till now,furniture/equipment,1657,2,none,none,1,1
BP-11290113,existing credits paid back duly till now,radio/television,1603,4,none,none,1,1
HZ-49504,critical account, New Car,5302,2,none,none,3,1
EM-1382566,critical account,education,2748,2,none,Bank,3,1
AS-100901408,critical account, New Car,1231,3,none,none,2,2
BS-1180059,existing credits paid back duly till now,radio/television,802,4,none,none,1,2
DV-1346539,critical account,business,6304,4,none,none,2,1
MB-173057,existing credits paid back duly till now,radio/television,1533,4,none,stores,1,1
PC-19000120,existing credits paid back duly till now, New Car,8978,1,none,none,1,1
CA-1231045,existing credits paid back duly till now,radio/television,999,4,none,none,2,1
MB-1808545,existing credits paid back duly till now, New Car,2662,4,none,none,1,1
AS-100901404,critical account,furniture/equipment,1402,3,none,none,1,1
DB-3660107,all credits at this bank paid back duly, New Car,12169,4,co-applicant,none,1,1
BG-1174018,existing credits paid back duly till now,radio/television,3060,4,none,none,2,1
KB-1631578,existing credits paid back duly till now,repairs,11998,1,none,none,1,1
PK-190757,existing credits paid back duly till now,radio/television,2697,1,none,none,1,2
CS-121757,critical account,radio/television,2404,2,none,none,2,1
AF-1088545,existing credits paid back duly till now,furniture/equipment,1262,2,none,none,1,1
SJ-2050045,existing credits paid back duly till now,furniture/equipment,4611,1,none,none,1,1
DM-1295545,existing credits paid back duly till now,radio/television,1901,4,none,none,1,1
CC-1261048,critical account,Used Car,3368,3,none,none,2,1
BE-114557,existing credits paid back duly till now,furniture/equipment,1574,4,none,none,1,1
TG-2164014,all credits at this bank paid back duly,radio/television,1445,4,none,Bank,1,1
VM-2168545,critical account,furniture/equipment,1520,4,none,none,1,1
SC-2069539,critical account, New Car,3878,4,none,none,1,1
SN-2056097,existing credits paid back duly till now, New Car,10722,1,none,none,1,1
CD-122807,existing credits paid back duly till now,Used Car,4788,4,none,none,1,2
CC-1210045,delay in paying off in the past,Others,7582,2,none,none,1,1
BG-1103544,existing credits paid back duly till now,radio/television,1092,4,guarantor,none,2,1
CC-125507,delay in paying off in the past,radio/television,1024,4,none,stores,1,1
AB-101057,existing credits paid back duly till now,business,1076,2,none,none,1,1
SV-2078559,existing credits paid back duly till now,Used Car,9398,1,none,none,1,1
HW-1493545,critical account,Used Car,6419,2,none,none,2,2
AS-1028558,critical account,Used Car,4796,4,none,none,1,1
LD-1685545,critical account,business,7629,4,none,Bank,2,2
NS-1850528,existing credits paid back duly till now,furniture/equipment,9960,1,none,none,1,1
CM-1271582,existing credits paid back duly till now,Used Car,4675,1,none,none,1,1
VG-2180527,existing credits paid back duly till now, New Car,1287,4,co-applicant,none,1,1
JD-606049,existing credits paid back duly till now,furniture/equipment,2515,3,none,none,1,1
MG-17680144,critical account,furniture/equipment,2745,3,none,none,2,1
CD-1228058,existing credits paid back duly till now, New Car,672,1,none,none,1,1
DB-13210139,all credits paid back duly,radio/television,3804,4,none,none,1,1
CS-118608,critical account, New Car,1344,4,none,Bank,2,2
AF-1088558,critical account, New Car,1038,4,co-applicant,none,2,1
BN-11470130,critical account, New Car,10127,2,none,Bank,1,1
GG-1465045,existing credits paid back duly till now,furniture/equipment,1543,4,none,none,1,1
BS-166560,existing credits paid back duly till now,Used Car,4811,2,none,stores,1,1
AC-1045058,existing credits paid back duly till now,radio/television,727,4,none,none,1,1
CK-1220564,existing credits paid back duly till now,furniture/equipment,1237,3,none,none,1,1
JD-16150139,existing credits paid back duly till now, New Car,276,4,none,none,1,1
CC-2550137,existing credits paid back duly till now,Others,5381,3,none,Bank,1,1
MS-17830139,existing credits paid back duly till now,furniture/equipment,5511,4,none,stores,1,1
GT-14710120,existing credits paid back duly till now,furniture/equipment,3749,2,none,none,1,1
CL-1270058,existing credits paid back duly till now, New Car,685,2,none,Bank,1,1
MM-1792045,existing credits paid back duly till now, New Car,1494,1,none,none,1,2
CM-1216093,all credits at this bank paid back duly,furniture/equipment,2746,4,none,Bank,1,1
DB-1306027,existing credits paid back duly till now,furniture/equipment,708,2,guarantor,none,1,2
JW-522087,existing credits paid back duly till now,furniture/equipment,4351,1,none,none,1,1
BN-1147082,critical account,education,701,4,none,none,2,1
JC-157757,delay in paying off in the past,furniture/equipment,3643,1,none,none,2,1
HL-1504093,critical account, New Car,4249,4,none,none,2,1
LH-1690018,existing credits paid back duly till now,radio/television,1938,4,none,none,1,1
DV-1304559,existing credits paid back duly till now,Used Car,2910,2,none,none,1,1
BT-1153058,existing credits paid back duly till now,furniture/equipment,2659,4,none,none,1,1
BM-165060,critical account, New Car,1028,4,none,none,2,1
MG-1820558,critical account, New Car,3398,1,none,none,2,1
FC-1424528,critical account,furniture/equipment,5801,2,none,none,1,1
TT-2122051,existing credits paid back duly till now, New Car,1525,4,none,none,1,2
CY-1274558,existing credits paid back duly till now,radio/television,4473,4,none,none,1,1
SJ-2021582,existing credits paid back duly till now,radio/television,1068,4,none,none,1,2
PB-1880593,critical account,Used Car,6615,2,none,none,2,1
RW-1969027,critical account,education,1864,4,none,none,2,1
DB-3360146,existing credits paid back duly till now, New Car,7408,4,none,none,1,1
DK-1315048,critical account,Used Car,11590,2,none,Bank,2,1
RW-9540117,all credits paid back duly,furniture/equipment,4110,3,none,Bank,2,2
PS-1904527,critical account,furniture/equipment,3384,1,none,none,1,1
AB-101051402,existing credits paid back duly till now,radio/television,2101,2,guarantor,none,1,1
MO-1780066,existing credits paid back duly till now,domestic appliances,1275,4,none,none,1,1
NF-1847527,existing credits paid back duly till now,furniture/equipment,4169,4,none,none,1,1
MR-1754558,existing credits paid back duly till now,furniture/equipment,1521,4,none,none,1,1
CB-1241548,critical account,education,5743,2,none,none,2,1
LC-1705092,existing credits paid back duly till now,furniture/equipment,3599,1,none,none,1,1
RA-1988527,existing credits paid back duly till now,radio/television,3213,1,none,none,1,1
MG-814533,existing credits paid back duly till now,business,4439,1,co-applicant,Bank,1,1
AB-101051408,existing credits paid back duly till now, New Car,3949,1,guarantor,none,1,2
EM-1396058,critical account,radio/television,1459,4,none,none,1,1
DJ-1342082,critical account,radio/television,882,4,guarantor,none,2,1
CD-1192045,existing credits paid back duly till now,radio/television,3758,1,none,none,1,1
BO-1142582,delay in paying off in the past,business,1743,1,none,none,2,1
AB-101051404,critical account,education,1136,4,none,none,2,2
KM-16720102,existing credits paid back duly till now,domestic appliances,1236,1,none,none,1,1
SV-2078545,existing credits paid back duly till now,furniture/equipment,959,1,none,none,1,1
BG-1169582,critical account,Used Car,3229,2,none,none,1,1
CS-121307,all credits paid back duly,radio/television,6199,4,none,none,2,1
BD-163561,existing credits paid back duly till now,education,727,4,none,none,1,1
RF-19345120,existing credits paid back duly till now, New Car,1246,4,none,stores,1,1
JE-1616559,critical account,radio/television,2331,1,co-applicant,none,1,1
MG-768060,delay in paying off in the past,radio/television,4463,4,none,none,2,1
CC-1247558,existing credits paid back duly till now,radio/television,776,4,none,none,1,1
LT-1676564,existing credits paid back duly till now,furniture/equipment,2406,4,none,none,1,1
FH-14365120,existing credits paid back duly till now,education,1239,4,none,none,1,1
BF-1097545,existing credits paid back duly till now,radio/television,3399,2,none,none,1,1
CJ-1201027,delay in paying off in the past, New Car,2247,2,none,stores,2,1
SH-997557,existing credits paid back duly till now,furniture/equipment,1766,1,none,none,1,1
SL-2015582,existing credits paid back duly till now,furniture/equipment,2473,4,none,none,1,1
NC-834073,existing credits paid back duly till now,business,1542,2,none,none,1,1
JB-5400117,critical account,Used Car,3850,3,none,none,2,1
TB-2125031,existing credits paid back duly till now,furniture/equipment,3650,1,none,none,1,1
PS-1897028,existing credits paid back duly till now,furniture/equipment,3446,4,none,none,1,2
BB-1154548,existing credits paid back duly till now,furniture/equipment,3001,2,none,none,1,1
SG-1047047,existing credits paid back duly till now, New Car,3079,4,none,none,1,1
SP-20920130,critical account,radio/television,6070,3,none,none,2,1
NZ-1856558,critical account,furniture/equipment,2146,1,none,none,2,1
Dp-1324027,critical account, New Car,13756,2,none,Bank,1,1
GZ-1447064,all credits at this bank paid back duly,Others,14782,3,none,Bank,2,1
AH-1007582,all credits at this bank paid back duly,business,7685,2,guarantor,none,1,1
CB-2025103,delay in paying off in the past,radio/television,2320,2,none,none,2,1
SC-200507,delay in paying off in the past,radio/television,846,3,none,none,1,1
AM-10705125,existing credits paid back duly till now, New Car,14318,4,none,none,1,1
SC-102302,critical account, New Car,362,4,none,none,2,1
JS-1559559,existing credits paid back duly till now,furniture/equipment,2212,4,none,none,1,1
BS-1138059,existing credits paid back duly till now,Used Car,12976,3,none,none,1,1
TC-21295130,existing credits paid back duly till now, New Car,1283,4,none,none,1,1
JL-5130108,existing credits paid back duly till now, New Car,1330,4,none,none,1,1
Dp-1324066,delay in paying off in the past,business,4272,2,none,none,2,1
NF-1838511,critical account,radio/television,2238,2,none,none,2,1
AS-10090139,existing credits paid back duly till now,radio/television,1126,4,none,none,1,1
EL-137357,critical account,furniture/equipment,7374,4,none,stores,2,1
FH-1427559,critical account,business,2326,2,none,Bank,1,1
LT-1676558,existing credits paid back duly till now,business,1449,3,none,none,2,1
BN-1147027,existing credits paid back duly till now, New Car,1820,2,none,none,1,1
BP-11230120,existing credits paid back duly till now,furniture/equipment,983,1,none,none,1,1
DM-1352558,existing credits paid back duly till now, New Car,3249,2,none,Bank,1,2
SM-1032025,critical account,radio/television,1957,1,none,none,1,1
PM-191357,critical account,furniture/equipment,2406,2,none,none,1,1
TS-1143085,delay in paying off in the past,education,11760,2,none,none,1,1
TS-2134018,existing credits paid back duly till now,furniture/equipment,2578,3,none,none,1,1
AM-107057,critical account,furniture/equipment,2348,3,none,none,2,1
LS-1724582,existing credits paid back duly till now, New Car,1223,1,none,none,2,1
CM-1181597,critical account,radio/television,1516,4,none,none,2,1
FG-1426045,existing credits paid back duly till now,radio/television,1473,3,none,none,1,1
KN-670560,critical account,business,1887,4,none,Bank,2,1
TB-1152089,delay in paying off in the past,business,8648,2,none,Bank,2,1
GM-1444091,delay in paying off in the past, New Car,802,4,none,none,2,1
AB-10523,delay in paying off in the past, New Car,2899,4,none,none,1,2
JB-1540051,existing credits paid back duly till now,radio/television,2039,1,none,none,1,1
JS-1603097,critical account,Used Car,2197,4,none,none,2,2
AM-10705102,existing credits paid back duly till now,radio/television,1053,4,none,none,1,1
SF-2020039,existing credits paid back duly till now,radio/television,3235,3,none,none,1,1
JF-1529531,critical account, New Car,939,4,none,none,3,1
KH-16510102,existing credits paid back duly till now,radio/television,1967,4,none,none,1,1
DL-1333058,critical account,Used Car,7253,3,none,none,2,1
KN-163907,critical account,business,2292,4,none,stores,2,1
SV-2093527,existing credits paid back duly till now, New Car,1597,3,none,none,1,2
MD-178607,existing credits paid back duly till now, New Car,1381,4,none,none,1,1
LS-1720045,critical account,Used Car,5842,2,none,none,2,2
JM-1586582,existing credits paid back duly till now, New Car,2579,4,none,none,1,2
CM-124457,delay in paying off in the past,education,8471,1,none,none,2,1
SS-20140104,existing credits paid back duly till now, New Car,2782,1,none,Bank,1,1
BW-1111058,existing credits paid back duly till now, New Car,1042,4,none,none,1,1
JE-1561058,existing credits paid back duly till now, New Car,3186,2,none,none,1,1
GH-1442527,existing credits paid back duly till now,Used Car,2028,4,none,none,1,1
JK-1609058,critical account, New Car,958,2,none,none,2,2
SM-2032036,delay in paying off in the past,furniture/equipment,1591,4,none,none,2,1
GR-1456082,existing credits paid back duly till now,furniture/equipment,2762,1,none,Bank,1,1
AB-101051406,existing credits paid back duly till now,Used Car,2779,1,none,none,1,1
DH-367577,critical account,radio/television,2743,4,none,none,2,1
MM-8280108,critical account,radio/television,1149,4,none,none,2,1
PM-913560,existing credits paid back duly till now,furniture/equipment,1313,1,none,none,1,1
GH-144257,critical account,repairs,1190,2,none,none,3,2
JM-1586597,existing credits paid back duly till now,business,3448,1,none,none,1,1
CM-1211564,existing credits paid back duly till now,Others,11328,2,co-applicant,Bank,2,1
SC-2084527,critical account,furniture/equipment,1872,4,none,none,3,1
GP-474086,critical account,repairs,2058,4,none,none,2,1
AF-1087014,existing credits paid back duly till now,furniture/equipment,2136,3,none,none,1,1
TS-2150545,existing credits paid back duly till now,radio/television,1484,2,none,none,1,1
CR-1273028,existing credits paid back duly till now,repairs,660,2,none,none,1,1
BM-115757,critical account, New Car,1287,4,none,none,2,1
AH-100308,critical account,repairs,3394,4,co-applicant,none,2,1
AG-1049527,all credits at this bank paid back duly,business,609,4,none,none,1,1
BN-11470139,existing credits paid back duly till now, New Car,1884,4,none,none,1,1
AG-6758,existing credits paid back duly till now,furniture/equipment,1620,2,co-applicant,none,1,1
SW-2075545,delay in paying off in the past,Others,2629,2,none,Bank,2,1
SK-1999045,existing credits paid back duly till now,education,719,4,none,Bank,1,2
MP-18175144,critical account,furniture/equipment,5096,2,none,none,1,1
AG-1090082,critical account,education,1244,4,none,none,2,1
AJ-96086,existing credits paid back duly till now, New Car,1842,4,none,none,1,1
MC-7275137,existing credits paid back duly till now,radio/television,2576,2,guarantor,none,1,1
EJ-13720113,existing credits paid back duly till now,furniture/equipment,1424,3,none,none,1,1
MS-1736539,delay in paying off in the past,repairs,1512,3,none,stores,2,1
DH-13675139,critical account,Used Car,11054,4,none,none,1,1
HE-1480018,existing credits paid back duly till now,radio/television,518,3,none,none,1,1
SB-2017027,all credits paid back duly,furniture/equipment,2759,2,none,none,2,1
VT-2170092,existing credits paid back duly till now,Used Car,2670,4,none,none,1,1
BC-1112592,existing credits paid back duly till now, New Car,4817,2,co-applicant,none,1,1
NF-1859527,existing credits paid back duly till now,Used Car,2679,4,none,none,1,1
AH-101201404,critical account, New Car,3905,2,none,none,2,2
RB-19330120,existing credits paid back duly till now,Used Car,3386,3,none,none,1,1
CS-11950124,existing credits paid back duly till now,domestic appliances,343,4,none,none,1,1
BW-11110120,existing credits paid back duly till now,radio/television,4594,3,none,none,1,1
LW-1682558,existing credits paid back duly till now,furniture/equipment,3620,1,guarantor,none,1,2
RD-19585120,existing credits paid back duly till now, New Car,1721,2,none,none,1,1
BT-1168066,existing credits paid back duly till now,furniture/equipment,3017,3,none,none,1,1
AH-101201402,existing credits paid back duly till now,retraining,754,4,none,none,2,1
AH-101201408,existing credits paid back duly till now,business,1950,4,none,stores,2,1
TB-2117564,existing credits paid back duly till now,Used Car,2924,3,guarantor,Bank,1,2
MD-7860137,delay in paying off in the past,radio/television,1659,4,none,none,1,1
JH-1618059,delay in paying off in the past,radio/television,7238,3,none,Bank,2,2
CC-1214548,delay in paying off in the past,business,2764,2,none,none,2,1
XP-2186539,delay in paying off in the past,Used Car,4679,3,none,none,2,1
TS-2137058,existing credits paid back duly till now,radio/television,3092,3,none,none,1,1
ML-1741031,existing credits paid back duly till now,education,448,4,none,none,1,1
BS-1166545,existing credits paid back duly till now, New Car,654,4,none,none,1,1
CA-1196548,existing credits paid back duly till now,retraining,1238,4,none,none,1,2
QJ-1925527,critical account,radio/television,1245,4,none,none,1,1
RE-1945036,all credits paid back duly,furniture/equipment,3114,1,none,none,1,1
CP-2085117,existing credits paid back duly till now,Used Car,2569,4,none,none,1,1
JK-5730108,existing credits paid back duly till now,radio/television,5152,4,none,Bank,1,1
HZ-1495045,existing credits paid back duly till now,business,1037,3,none,none,1,1
AR-105707,critical account,furniture/equipment,1478,4,none,none,2,2
EH-14005120,critical account,radio/television,3573,1,none,none,1,1
JR-1570058,existing credits paid back duly till now, New Car,1201,4,none,none,1,1
PL-1892588,existing credits paid back duly till now,furniture/equipment,3622,4,none,none,2,1
TC-2114582,delay in paying off in the past,furniture/equipment,960,3,none,none,2,1
DG-1330082,critical account, New Car,1163,4,none,none,1,1
LW-1699045,delay in paying off in the past, New Car,1209,4,none,none,1,1
Dl-1360045,existing credits paid back duly till now,radio/television,3077,2,none,none,1,1
SC-2009545,existing credits paid back duly till now, New Car,3757,4,co-applicant,none,1,1
EB-1393059,existing credits paid back duly till now, New Car,1418,3,none,none,1,1
SM-2000518,existing credits paid back duly till now, New Car,3518,2,guarantor,none,1,1
JR-1567048,critical account,radio/television,1934,2,none,none,2,1
CM-1216027,all credits paid back duly,business,8318,2,none,none,2,1
DL-129257,critical account,radio/television,1237,1,none,none,2,1
FM-1429065,existing credits paid back duly till now,radio/television,368,4,none,none,1,1
DP-1316558,critical account, New Car,2122,3,none,none,2,2
CK-1259592,existing credits paid back duly till now,furniture/equipment,2996,2,none,none,1,1
GM-1444027,existing credits paid back duly till now,furniture/equipment,9034,4,co-applicant,none,1,1
CM-1183045,critical account,furniture/equipment,1585,4,none,none,2,1
MM-1726027,existing credits paid back duly till now,radio/television,1301,4,guarantor,none,1,1
ME-17320139,critical account, New Car,1323,2,none,none,2,2
CS-1249082,existing credits paid back duly till now, New Car,3123,4,none,none,1,1
GH-14410120,existing credits paid back duly till now,Used Car,5493,2,none,none,1,2
MC-1763536,existing credits paid back duly till now,radio/television,1126,2,none,none,1,1
VT-2170018,critical account,radio/television,1216,4,none,Bank,2,2
SJ-2021527,existing credits paid back duly till now, New Car,1207,4,none,none,1,1
CD-1192027,existing credits paid back duly till now, New Car,1309,4,guarantor,none,1,1
TA-21385102,critical account,Used Car,2360,2,none,none,1,1
DJ-88887148,all credits at this bank paid back duly, New Car,6850,1,none,none,1,2
LM-7065105,existing credits paid back duly till now,radio/television,1413,4,none,none,1,1
AR-1051064,existing credits paid back duly till now,Used Car,8588,4,none,none,1,1
JH-1591066,existing credits paid back duly till now, New Car,759,4,none,none,1,1
PC-1900078,existing credits paid back duly till now,Used Car,4686,2,none,none,1,1
CM-12235139,existing credits paid back duly till now,business,2687,2,none,none,1,1
DK-337533,delay in paying off in the past,radio/television,585,4,co-applicant,none,2,1
EG-1390045,existing credits paid back duly till now, New Car,2255,4,none,none,1,1
AH-100757,critical account, New Car,609,4,none,none,2,1
AS-1063092,critical account, New Car,1361,2,none,none,1,2
CL-1189018,critical account,furniture/equipment,7127,2,none,none,2,1
CA-12265139,existing credits paid back duly till now, New Car,1203,3,none,none,1,1
DB-1297045,critical account,radio/television,700,4,none,none,2,1
PC-1900048,critical account,repairs,5507,3,none,none,2,1
VS-218207,existing credits paid back duly till now,radio/television,3190,2,none,none,1,1
AS-101351406,all credits paid back duly,furniture/equipment,7119,3,none,none,2,2
AS-13523,existing credits paid back duly till now,Used Car,3488,3,none,none,1,1
JR-1567027,existing credits paid back duly till now,radio/television,1113,4,guarantor,none,1,2
MF-1766527,existing credits paid back duly till now,Used Car,7966,2,none,none,2,1
EB-13930139,critical account,education,1532,4,none,none,1,1
EB-1397518,critical account,radio/television,1503,2,none,none,2,2
AS-101351404,existing credits paid back duly till now,radio/television,2302,4,none,none,1,1
MV-1748545,existing credits paid back duly till now, New Car,662,3,none,none,1,2
JW-1595545,existing credits paid back duly till now,education,2273,3,none,none,2,2
LA-1678027,existing credits paid back duly till now, New Car,2631,2,none,none,2,1
FM-1421564,delay in paying off in the past,Used Car,1503,4,none,none,1,1
AB-101501406,existing credits paid back duly till now,radio/television,1311,4,none,none,1,1
MC-1757518,existing credits paid back duly till now,radio/television,3105,4,none,none,2,1
MC-1763582,critical account,education,2319,2,none,none,1,1
JF-541586,existing credits paid back duly till now, New Car,1374,4,none,none,1,1
AH-1021018,critical account,furniture/equipment,3612,3,none,none,1,1
PO-1919527,existing credits paid back duly till now, New Car,7763,4,none,Bank,1,1
BM-1178527,existing credits paid back duly till now,furniture/equipment,3049,1,none,stores,1,1
KD-1634558,existing credits paid back duly till now,radio/television,1534,1,none,none,1,1
TS-21610139,delay in paying off in the past, New Car,2032,4,none,none,2,1
AR-1051027,existing credits paid back duly till now,furniture/equipment,6350,4,none,none,1,1
PG-1889582,existing credits paid back duly till now,furniture/equipment,2864,2,none,none,1,2
LC-1705051,critical account, New Car,1255,4,none,none,2,1
DJ-1342045,delay in paying off in the past, New Car,1333,4,none,none,2,2
HK-1489045,critical account, New Car,2022,4,none,none,1,1
HH-5010129,existing credits paid back duly till now,radio/television,1552,3,none,Bank,1,2
RR-193157,all credits at this bank paid back duly,radio/television,626,4,none,Bank,1,1
SH-2063548,critical account,Used Car,8858,2,none,none,2,1
AB-101501402,critical account,repairs,996,4,none,none,2,1
DV-1346527,all credits at this bank paid back duly,radio/television,1750,2,none,Bank,1,2
RP-985586,existing credits paid back duly till now,radio/television,6999,1,guarantor,none,2,1
NF-1838582,critical account, New Car,1995,4,none,none,1,1
LR-1703548,existing credits paid back duly till now,education,1199,4,none,none,2,1
DR-1294058,existing credits paid back duly till now,radio/television,1331,2,none,stores,1,1
AF-1087048,all credits paid back duly, New Car,2278,3,none,none,2,1
IM-5055106,all credits paid back duly, New Car,5003,1,none,Bank,2,1
AS-285108,all credits at this bank paid back duly,furniture/equipment,3552,3,none,Bank,1,1
DK-1298539,critical account,furniture/equipment,1928,2,none,none,2,1
RW-1954096,existing credits paid back duly till now,Used Car,2964,4,none,Bank,1,2
EH-418561,all credits at this bank paid back duly,radio/television,1546,4,guarantor,Bank,1,1
ML-1739559,delay in paying off in the past,radio/television,683,2,none,Bank,1,1
BF-1121593,existing credits paid back duly till now, New Car,12389,1,none,none,1,1
MB-730533,delay in paying off in the past,business,4712,4,none,Bank,2,1
KN-164507,delay in paying off in the past,radio/television,1553,3,none,none,2,1
HR-14770102,existing credits paid back duly till now, New Car,1372,2,none,none,1,1
CK-1276045,critical account,radio/television,2578,2,none,none,1,1
PB-192107,existing credits paid back duly till now,radio/television,3979,4,none,none,2,2
AB-16523,existing credits paid back duly till now,radio/television,6758,3,none,none,1,1
AA-1048031,existing credits paid back duly till now,furniture/equipment,3234,4,none,none,1,1
RO-97803,critical account,radio/television,5954,3,co-applicant,none,1,1
AB-101651404,existing credits paid back duly till now,Used Car,5433,2,none,none,1,1
MR-175457,existing credits paid back duly till now,business,806,4,none,none,1,1
SP-2092064,existing credits paid back duly till now,radio/television,1082,4,none,none,2,1
AH-1046593,critical account,furniture/equipment,2788,2,co-applicant,Bank,2,1
AB-101651408,existing credits paid back duly till now,radio/television,2930,2,none,none,1,1
AH-105857,critical account,education,1927,3,none,none,2,1
CV-2805134,critical account, New Car,2820,4,none,none,2,1
JK-1532545,existing credits paid back duly till now,retraining,937,4,none,none,2,1
RB-943575,critical account, New Car,1056,3,guarantor,Bank,2,1
AG-52560,critical account, New Car,3124,1,none,Bank,2,2
AR-1034582,existing credits paid back duly till now,furniture/equipment,1388,4,none,none,1,1
MW-8220110,existing credits paid back duly till now,repairs,2384,4,none,none,1,1
AH-21038,existing credits paid back duly till now, New Car,2133,4,none,none,1,1
FC-142457,existing credits paid back duly till now,furniture/equipment,2039,1,none,Bank,1,1
ML-1741027,critical account, New Car,2799,2,none,none,2,2
TH-212357,existing credits paid back duly till now,furniture/equipment,1289,4,guarantor,none,1,1
AB-101651406,existing credits paid back duly till now,domestic appliances,1217,4,none,none,1,1
TW-2102527,critical account,furniture/equipment,2246,3,none,none,2,1
LT-7110117,critical account,radio/television,385,4,none,none,4,1
KN-16390139,delay in paying off in the past, New Car,1965,4,none,none,2,1
HD-1478548,existing credits paid back duly till now,business,1572,4,none,Bank,1,1
MC-7575110,existing credits paid back duly till now, New Car,2718,3,none,none,1,1
CS-1246058,all credits at this bank paid back duly,Others,1358,4,none,stores,1,1
ME-1732064,all credits at this bank paid back duly, New Car,931,1,none,stores,1,1
SW-2027564,existing credits paid back duly till now, New Car,1442,4,none,none,2,1
CR-1282051,all credits paid back duly,business,4241,1,none,none,3,1
HM-14860125,critical account, New Car,2775,2,none,Bank,2,1
CC-247587,delay in paying off in the past,business,3863,1,none,none,1,1
JM-1525045,existing credits paid back duly till now,radio/television,2329,1,guarantor,none,1,1
PS-18970118,existing credits paid back duly till now,furniture/equipment,918,4,none,none,1,1
CM-1219045,all credits at this bank paid back duly,education,1837,4,none,Bank,1,1
QJ-1925564,existing credits paid back duly till now,furniture/equipment,3349,4,none,none,1,1
TS-2150559,existing credits paid back duly till now,furniture/equipment,1275,4,none,none,1,1
AB-101651402,all credits at this bank paid back duly,furniture/equipment,2828,4,none,stores,1,1
KM-1672078,critical account,business,4526,3,none,none,1,1
SB-2018518,existing credits paid back duly till now,radio/television,2671,4,co-applicant,none,1,1
MT-1807045,existing credits paid back duly till now,radio/television,2051,4,none,none,1,1
JF-15415139,existing credits paid back duly till now,Used Car,1300,4,none,Bank,1,2
MT-807095,existing credits paid back duly till now,domestic appliances,741,4,none,none,1,1
ES-14020120,existing credits paid back duly till now, New Car,1240,1,none,none,1,2
AB-60042,existing credits paid back duly till now,radio/television,3357,4,none,Bank,1,1
PS-189707,all credits at this bank paid back duly,Used Car,3632,1,guarantor,Bank,1,1
EB-13975139,delay in paying off in the past,furniture/equipment,1808,4,none,none,1,1
AF-1087018,all credits paid back duly,business,12204,2,none,Bank,1,1
MC-1742559,delay in paying off in the past,radio/television,9157,2,none,none,1,1
CC-1268558,critical account, New Car,3676,1,none,none,3,2
EH-4125134,existing credits paid back duly till now,furniture/equipment,3441,2,co-applicant,none,1,1
BS-116657,existing credits paid back duly till now, New Car,640,4,none,none,1,1
IM-1507059,critical account,business,3652,2,none,none,2,1
SM-1032029,critical account, New Car,1530,3,none,Bank,2,1
DA-1345055,existing credits paid back duly till now,business,3914,4,none,Bank,1,1
DB-1306045,existing credits paid back duly till now,furniture/equipment,1858,4,none,none,1,1
LC-1688582,existing credits paid back duly till now,radio/television,2600,4,none,none,2,1
TC-2098045,existing credits paid back duly till now,radio/television,1979,4,none,none,1,1
SW-2035059,existing credits paid back duly till now,furniture/equipment,2116,2,none,none,1,1
JW-1522058,all credits at this bank paid back duly, New Car,1437,2,none,none,1,1
DA-1345031,critical account,furniture/equipment,4042,4,none,none,2,1
CM-1830117,existing credits paid back duly till now,education,3832,1,none,none,1,1
CS-1184527,existing credits paid back duly till now,radio/television,3660,2,none,none,1,1
MO-1780051,all credits at this bank paid back duly,furniture/equipment,1553,4,none,Bank,1,1
CR-1273018,existing credits paid back duly till now,radio/television,1444,4,none,none,1,1
MY-1738096,existing credits paid back duly till now,furniture/equipment,1980,2,co-applicant,none,2,1
MS-7830110,existing credits paid back duly till now, New Car,1355,3,none,none,1,1
SW-207557,existing credits paid back duly till now,education,1393,4,none,Bank,3,2
HG-1496597,existing credits paid back duly till now,radio/television,1376,4,none,none,1,1
DC-1328551,delay in paying off in the past,radio/television,15653,2,none,none,2,1
DL-13315139,existing credits paid back duly till now,radio/television,1493,4,none,none,1,2
TH-21235125,delay in paying off in the past,radio/television,4370,3,none,Bank,2,2
JK-15370100,existing credits paid back duly till now,education,750,4,none,none,1,1
CH-207060,existing credits paid back duly till now,repairs,1308,4,none,none,2,1
ST-205307,existing credits paid back duly till now,education,4623,3,none,none,1,1
SP-2092048,critical account,radio/television,1851,4,guarantor,none,2,1
MH-744033,critical account,radio/television,1880,4,none,none,2,1
MC-1784558,delay in paying off in the past,business,7980,4,none,none,2,1
PW-19030139,all credits paid back duly,furniture/equipment,4583,2,guarantor,none,2,1
BS-1159045,existing credits paid back duly till now, New Car,1386,2,none,none,1,1
AD-101801404,existing credits paid back duly till now, New Car,947,4,none,Bank,1,2
DO-1343558,existing credits paid back duly till now,education,684,4,none,none,1,2
SG-2089051,existing credits paid back duly till now,education,7476,4,none,none,1,1
JC-161057,existing credits paid back duly till now,furniture/equipment,1922,4,none,none,1,1
TB-2119058,existing credits paid back duly till now, New Car,2303,4,co-applicant,none,1,1
KD-1627059,delay in paying off in the past, New Car,8086,2,none,none,4,1
BM-1114059,critical account,Used Car,2346,4,none,none,2,1
SV-1078529,existing credits paid back duly till now, New Car,3973,1,none,none,1,1
AH-1003082,existing credits paid back duly till now, New Car,888,4,none,Bank,1,2
AD-101801402,existing credits paid back duly till now,radio/television,10222,4,none,stores,1,1
VP-21760120,all credits paid back duly,business,4221,2,none,none,2,1
EG-13900139,critical account,furniture/equipment,6361,2,none,none,1,1
TC-21145102,existing credits paid back duly till now,radio/television,1297,3,none,none,1,1
LR-1691558,existing credits paid back duly till now, New Car,900,4,none,none,1,1
AD-101801406,existing credits paid back duly till now,furniture/equipment,2241,4,none,none,2,1
TH-21550130,delay in paying off in the past,furniture/equipment,1050,4,none,stores,2,1
HD-1478527,critical account,education,1047,2,none,none,1,1
TP-2113027,critical account,Others,6314,4,co-applicant,Bank,2,1
TC-11145108,all credits at this bank paid back duly,furniture/equipment,3496,4,none,stores,1,2
JL-1523536,all credits at this bank paid back duly,business,3609,1,none,stores,1,1
RK-1930018,critical account, New Car,4843,3,co-applicant,none,2,1
CC-1267064,critical account,radio/television,3017,4,none,none,1,1
TC-2098058,critical account,business,4139,3,none,none,2,1
CM-123857,existing credits paid back duly till now,business,5742,2,none,none,2,1
BG-1103564,existing credits paid back duly till now, New Car,10366,2,none,none,1,1
MG-1789097,critical account, New Car,2080,1,none,none,1,1
MM-1726078,delay in paying off in the past,business,2580,4,none,Bank,1,2
TG-2164078,critical account,radio/television,4530,4,none,none,1,1
CC-1237011,critical account,furniture/equipment,5150,4,none,none,1,1
SC-2084582,existing credits paid back duly till now,radio/television,5595,2,none,none,1,1
PS-1904518,existing credits paid back duly till now,radio/television,2384,4,none,Bank,1,1
CB-1202559,existing credits paid back duly till now,radio/television,1453,3,none,none,1,1
BT-11395139,existing credits paid back duly till now,education,1538,1,none,none,1,1
SJ-2050051,existing credits paid back duly till now,radio/television,2279,4,none,none,1,1
MC-1784545,delay in paying off in the past,radio/television,1478,4,none,Bank,2,1
MG-1820518,critical account,radio/television,5103,3,none,none,3,1
RA-199157,delay in paying off in the past,business,9857,1,none,none,2,2
TT-11265103,existing credits paid back duly till now, New Car,6527,4,none,none,1,2
TH-1123561,critical account,radio/television,1347,4,none,none,2,1
DM-1301564,delay in paying off in the past, New Car,2862,4,none,none,1,1
VG-217905,existing credits paid back duly till now,radio/television,2753,3,co-applicant,none,1,1
JW-1595527,existing credits paid back duly till now, New Car,3651,1,none,none,1,2
ZC-2191058,critical account,furniture/equipment,975,2,none,none,2,1
NW-1840082,existing credits paid back duly till now,repairs,2631,3,none,none,1,1
VP-217307,existing credits paid back duly till now,radio/television,2896,2,none,none,1,1
SS-2041045,critical account, New Car,4716,1,none,none,2,2
AH-101951408,existing credits paid back duly till now,radio/television,2284,4,none,none,1,1
AG-27032,existing credits paid back duly till now,Used Car,1236,2,none,none,1,1
BW-1120045,existing credits paid back duly till now,radio/television,1103,4,guarantor,none,2,1
FM-1421545,critical account, New Car,926,1,none,none,1,1
AH-101951406,critical account,radio/television,1800,4,none,none,2,1
NL-1831027,existing credits paid back duly till now,education,1905,4,none,none,1,1
SC-1072524,existing credits paid back duly till now,furniture/equipment,1123,4,none,none,1,1
CA-1226592,critical account,Used Car,6331,4,none,none,2,1
AH-19523,existing credits paid back duly till now,radio/television,1377,4,none,none,1,1
AG-1052582,delay in paying off in the past,business,2503,4,none,stores,2,1
PL-1892527,existing credits paid back duly till now,business,2528,4,none,none,1,2
AB-1001545,existing credits paid back duly till now, New Car,5324,1,none,none,1,1
TS-2150527,existing credits paid back duly till now, New Car,6560,3,none,none,1,1
MG-1814558,all credits paid back duly,furniture/equipment,2969,4,none,none,2,1
AH-101951402,existing credits paid back duly till now,radio/television,1206,4,none,none,1,1
RD-1958514,existing credits paid back duly till now,radio/television,2118,2,none,none,1,2
BD-116057,critical account,radio/television,629,4,none,Bank,2,1
PB-191057,all credits at this bank paid back duly,education,1198,4,none,none,1,1
AB-10150120,existing credits paid back duly till now,Used Car,2476,4,none,none,1,1
GK-1462092,critical account,radio/television,1138,4,none,none,2,1
SC-2057582,existing credits paid back duly till now, New Car,14027,4,none,none,1,1
CC-1247566,critical account,Used Car,7596,1,none,none,2,1
DO-343515,critical account,radio/television,3077,3,none,none,2,2
NS-1850582,existing credits paid back duly till now,radio/television,1505,4,none,none,1,1
AH-102101406,critical account,radio/television,3148,3,none,none,2,1
TS-2143045,all credits paid back duly,Used Car,6148,3,none,Bank,2,1
AH-102101404,all credits paid back duly,radio/television,1337,4,none,none,2,1
AZ-1075093,all credits at this bank paid back duly,education,433,4,none,Bank,1,2
AH-102101408,existing credits paid back duly till now, New Car,1228,4,none,none,1,1
IG-1508545,existing credits paid back duly till now,radio/television,790,4,none,none,1,1
SP-2086045,existing credits paid back duly till now, New Car,2570,3,none,none,1,1
KM-162257,critical account, New Car,250,2,none,Bank,2,1
BS-1136518,critical account,radio/television,1316,2,none,none,2,1
TC-211457,existing credits paid back duly till now,radio/television,1882,4,none,Bank,2,1
KM-672060,all credits at this bank paid back duly,business,6416,4,none,none,1,1
GM-144407,critical account,business,1275,2,none,none,2,1
BF-1097527,delay in paying off in the past,radio/television,6403,1,none,none,1,1
MM-1805548,existing credits paid back duly till now,radio/television,1987,2,none,none,1,2
AH-102101402,existing credits paid back duly till now,radio/television,760,4,guarantor,none,1,1
RB-193607,existing credits paid back duly till now,Used Car,2603,2,none,none,1,1
NC-8415137,critical account, New Car,3380,1,none,none,1,2
GR-1456096,all credits at this bank paid back duly,domestic appliances,3990,3,none,Bank,1,1
SN-207107,existing credits paid back duly till now,Used Car,11560,1,none,none,2,1
DL-333061,existing credits paid back duly till now, New Car,4380,3,none,none,1,2
CJ-118757,critical account, New Car,6761,1,none,none,2,2
AY-10555139,all credits paid back duly,business,4280,4,none,none,2,1
CP-1234036,all credits at this bank paid back duly, New Car,2325,2,none,Bank,1,1
MP-1747093,all credits at this bank paid back duly,radio/television,1048,4,none,stores,1,1
PJ-19015139,existing credits paid back duly till now,radio/television,3160,4,none,none,1,1
NC-1841593,all credits at this bank paid back duly,furniture/equipment,2483,4,none,stores,1,1
BV-11245120,critical account,furniture/equipment,14179,4,none,none,2,1
LW-1682545,critical account,business,1797,3,none,Bank,2,1
BO-1142545,existing credits paid back duly till now, New Car,2511,1,none,none,1,1
EB-1384059,existing credits paid back duly till now, New Car,1274,3,none,none,1,1
SG-2047031,existing credits paid back duly till now,Used Car,5248,1,none,none,1,1
PO-919586,existing credits paid back duly till now,Used Car,3029,2,none,none,1,1
CS-1184516,existing credits paid back duly till now,furniture/equipment,428,2,none,Bank,1,1
KB-1658548,existing credits paid back duly till now, New Car,976,1,none,none,1,1
EM-1414058,existing credits paid back duly till now,business,841,2,none,none,1,1
KN-1639048,critical account,radio/television,5771,4,none,none,2,1
SL-2015566,delay in paying off in the past,repairs,1555,4,none,none,2,2
CM-1211578,existing credits paid back duly till now, New Car,1285,4,none,none,1,1
GZ-4545108,critical account, New Car,1299,1,none,none,3,2
DK-1298582,critical account,radio/television,1271,3,none,none,2,1
DK-1298558,existing credits paid back duly till now, New Car,1393,2,guarantor,none,1,1
PN-1877527,critical account, New Car,691,4,none,none,2,1
MS-1798058,critical account, New Car,5045,1,none,none,1,1
EH-1412578,critical account,furniture/equipment,2124,4,none,none,2,1
AG-1090045,existing credits paid back duly till now,radio/television,2214,4,none,none,1,1
BS-1159066,critical account, New Car,12680,4,none,none,1,1
BP-11185139,critical account, New Car,2463,4,none,none,2,1
BH-1171039,existing credits paid back duly till now,radio/television,1155,3,guarantor,Bank,2,1
AS-28560,existing credits paid back duly till now,furniture/equipment,3108,2,none,none,1,1
SC-2080058,existing credits paid back duly till now,Used Car,2901,1,none,none,1,1
SV-208157,critical account,furniture/equipment,3617,1,none,none,3,1
MP-1817545,critical account,radio/television,1655,2,none,none,2,1
AS-102251408,existing credits paid back duly till now,Used Car,2812,2,none,none,1,1
TT-114602,critical account,education,8065,3,none,none,2,1
PS-1876048,critical account,Used Car,3275,1,none,none,1,1
RR-1952527,critical account,radio/television,2223,4,none,Bank,2,1
AC-1042027,critical account, New Car,1480,2,none,Bank,3,1
TP-2113082,existing credits paid back duly till now, New Car,1371,4,none,none,1,1
CG-1204092,critical account, New Car,3535,4,none,none,2,1
BG-1103527,existing credits paid back duly till now,radio/television,3509,4,guarantor,none,1,1
CR-12580144,critical account,Used Car,5711,4,none,none,2,1
TR-11325129,existing credits paid back duly till now,repairs,3872,2,none,none,1,1
SC-2044082,critical account,radio/television,4933,2,guarantor,none,2,1
BT-1168027,critical account, New Car,1940,4,none,none,1,1
AS-102251404,all credits paid back duly,retraining,1410,2,none,none,1,1
CC-1237026,existing credits paid back duly till now, New Car,836,4,none,Bank,1,1
DC-1328582,existing credits paid back duly till now,Used Car,6468,1,none,none,1,1
JE-1574531,existing credits paid back duly till now,business,1941,4,none,none,1,1
DB-1321036,existing credits paid back duly till now,radio/television,2675,3,none,none,1,1
LS-1720080,critical account,Used Car,2751,4,none,none,2,2
BE-11335139,delay in paying off in the past,education,6224,4,none,none,1,1
MH-180257,critical account,education,5998,4,none,Bank,1,1
JB-1592548,existing credits paid back duly till now,business,1188,2,none,none,1,2
TW-21025139,existing credits paid back duly till now,Used Car,6313,3,none,none,1,2
GW-1460527,critical account,furniture/equipment,1221,1,none,none,2,1
SC-2072518,existing credits paid back duly till now,furniture/equipment,2892,3,none,none,1,1
LR-1691544,existing credits paid back duly till now,furniture/equipment,3062,4,none,none,1,1
FO-1430545,existing credits paid back duly till now,furniture/equipment,2301,2,none,none,1,1
SV-10815126,existing credits paid back duly till now,Used Car,7511,1,none,none,1,2
JF-1541527,critical account,furniture/equipment,1258,2,none,none,2,1
SS-2014018,delay in paying off in the past, New Car,717,4,none,none,2,1
RP-19855130,existing credits paid back duly till now, New Car,1549,4,none,none,1,1
AB-1006059,critical account,education,1597,4,none,none,2,2
RB-1933082,critical account,radio/television,1795,3,guarantor,Bank,2,1
LW-172157,critical account,furniture/equipment,4272,1,none,none,2,1
AR-1051045,critical account,radio/television,976,4,none,none,2,1
AG-1090058,existing credits paid back duly till now, New Car,7472,1,none,none,1,1
LH-17155118,existing credits paid back duly till now, New Car,9271,2,none,none,1,1
KB-1624058,existing credits paid back duly till now,radio/television,590,3,none,none,1,1
KA-1652539,critical account,radio/television,930,4,none,none,4,1
BM-111407,all credits at this bank paid back duly,Used Car,9283,1,none,Bank,1,1
JL-1517559,all credits paid back duly, New Car,1778,2,none,none,2,1
EM-396086,existing credits paid back duly till now,business,907,3,none,none,1,1
AS-1022511,existing credits paid back duly till now,radio/television,484,3,guarantor,Bank,1,1
SC-2023058,critical account,Used Car,9629,4,none,none,2,1
JD-1579059,existing credits paid back duly till now,domestic appliances,3051,3,none,none,1,1
JL-1585048,existing credits paid back duly till now, New Car,3931,4,none,none,1,2
JW-1607592,delay in paying off in the past, New Car,7432,2,none,none,1,1
LL-684033,existing credits paid back duly till now,domestic appliances,1338,1,none,none,1,1
TH-2110045,critical account,radio/television,1554,1,none,none,2,1
MC-1727545,existing credits paid back duly till now,Others,15857,2,co-applicant,none,1,1
NG-8430108,existing credits paid back duly till now,radio/television,1345,4,none,Bank,1,1
KD-1661545,existing credits paid back duly till now, New Car,1101,3,none,none,2,1
MC-1760536,existing credits paid back duly till now,radio/television,3016,3,none,none,1,1
AS-22523,existing credits paid back duly till now,furniture/equipment,2712,2,none,Bank,1,2
JK-1562539,critical account, New Car,731,4,none,none,2,1
BD-1150059,critical account,furniture/equipment,3780,3,none,none,2,1
CP-1208527,critical account, New Car,1602,4,none,none,2,1
AS-102251406,critical account, New Car,3966,1,none,Bank,3,1
KN-1645082,all credits paid back duly,business,4165,2,none,stores,2,2
TM-2149059,existing credits paid back duly till now,Used Car,8335,3,none,none,1,1
TS-115053,delay in paying off in the past,business,6681,4,none,none,1,2
LD-6855117,delay in paying off in the past,business,2375,4,none,none,2,2
LP-170807,existing credits paid back duly till now, New Car,1216,4,none,none,1,1
KA-1652548,all credits paid back duly,business,11816,2,none,none,2,1
DK-1315039,existing credits paid back duly till now,radio/television,5084,2,none,none,1,1
KD-1649545,existing credits paid back duly till now,radio/television,2327,2,none,none,1,1
BB-115457,all credits paid back duly, New Car,1082,4,none,Bank,2,1
BN-1147078,existing credits paid back duly till now,radio/television,886,4,none,none,1,1
CV-1280566,existing credits paid back duly till now,furniture/equipment,601,1,none,none,1,2
CM-1193531,critical account,Used Car,2957,4,none,none,2,1
SK-1999082,critical account,radio/television,2611,4,co-applicant,none,2,1
BE-11410139,existing credits paid back duly till now,furniture/equipment,5179,4,none,none,1,1
KM-1672048,delay in paying off in the past,Used Car,2993,3,none,stores,2,1
TB-215205,existing credits paid back duly till now,repairs,1943,4,none,none,1,1
JC-1610514,all credits at this bank paid back duly,business,1559,4,none,Bank,1,1
MO-1750048,existing credits paid back duly till now,furniture/equipment,3422,4,none,Bank,3,2
MS-175307,existing credits paid back duly till now,furniture/equipment,3976,2,none,none,1,1
GA-145157,existing credits paid back duly till now, New Car,6761,2,none,none,2,1
CS-123557,existing credits paid back duly till now, New Car,1249,4,none,none,1,1
SW-202458,existing credits paid back duly till now,radio/television,1364,3,none,none,1,1
CP-208560,existing credits paid back duly till now,radio/television,709,4,none,stores,1,1
PF-1916545,critical account, New Car,2235,4,guarantor,Bank,2,1
BS-1138045,critical account,Used Car,4042,3,none,none,2,1
GM-1450093,critical account,radio/television,1471,4,none,none,2,1
AS-102401408,all credits at this bank paid back duly, New Car,1442,4,none,none,2,2
CC-1247518,delay in paying off in the past, New Car,10875,2,none,none,2,2
VF-21715120,existing credits paid back duly till now, New Car,1474,4,none,none,1,1
HG-1496566,existing credits paid back duly till now,retraining,894,4,none,none,1,1
CC-267071,critical account,furniture/equipment,3343,4,none,none,1,1
KM-163757,existing credits paid back duly till now, New Car,3959,3,none,none,1,1
HR-148307,existing credits paid back duly till now, New Car,3577,1,guarantor,none,1,2
ED-1388527,critical account,Used Car,5804,4,none,none,2,1
TB-21520120,delay in paying off in the past,business,2169,4,none,none,1,1
MW-1822027,existing credits paid back duly till now,radio/television,2439,4,none,none,1,1
RH-960038,critical account,furniture/equipment,4526,4,none,stores,2,2
SB-202907,existing credits paid back duly till now,furniture/equipment,2210,2,none,Bank,1,1
MN-1793527,existing credits paid back duly till now,furniture/equipment,2221,2,none,none,1,1
RP-19390102,existing credits paid back duly till now,radio/television,2389,4,none,stores,1,1
LB-1679558,critical account,furniture/equipment,3331,2,none,stores,1,1
PK-1891082,existing credits paid back duly till now,business,7409,3,none,none,2,1
LS-1694559,existing credits paid back duly till now,furniture/equipment,652,4,none,none,1,1
JK-1573064,delay in paying off in the past,furniture/equipment,7678,2,none,none,2,1
AS-102401404,critical account, New Car,1343,1,none,none,2,2
BT-113957,critical account,business,1382,4,none,none,2,1
AS-102401406,existing credits paid back duly till now,domestic appliances,874,4,none,none,1,1
MC-1810045,existing credits paid back duly till now,furniture/equipment,3590,2,co-applicant,none,1,2
NZ-18565139,critical account, New Car,1322,4,none,none,2,1
NF-18385124,all credits at this bank paid back duly,radio/television,1940,3,co-applicant,Bank,1,1
SS-2041091,existing credits paid back duly till now,radio/television,3595,4,none,none,1,1
EH-1394564,existing credits paid back duly till now, New Car,1422,3,none,none,1,1
CS-1184511,critical account,radio/television,6742,2,none,none,2,1
JM-161957,existing credits paid back duly till now,Used Car,7814,3,none,none,1,1
MG-1789027,existing credits paid back duly till now,Used Car,9277,2,none,none,1,1
PL-1892545,critical account, New Car,2181,4,none,none,2,1
MA-1799548,critical account,radio/television,1098,4,none,none,2,1
SP-2065059,existing credits paid back duly till now,furniture/equipment,4057,3,none,none,1,1
RW-1969058,existing credits paid back duly till now,education,795,4,none,none,1,1
AH-1007559,critical account,business,2825,4,none,none,2,2
JH-1543082,existing credits paid back duly till now,business,15672,2,none,none,1,1
PO-1885045,critical account, New Car,6614,4,none,none,2,1
KB-1631545,all credits at this bank paid back duly,Used Car,7824,3,guarantor,Bank,2,2
ZC-2191064,critical account,business,2442,4,none,stores,4,2
ML-1775545,critical account,radio/television,1829,4,none,none,2,1
CD-1279045,critical account, New Car,2171,4,none,Bank,2,1
PC-18745102,critical account,Used Car,5800,3,none,none,2,1
KE-1642018,critical account,radio/television,1169,4,none,none,2,1
EM-420086,delay in paying off in the past,Used Car,8947,3,none,stores,1,2
DW-134807,existing credits paid back duly till now,radio/television,2606,4,none,none,1,1
SC-10680134,critical account,furniture/equipment,1592,3,none,none,1,1
JG-1580527,existing credits paid back duly till now,furniture/equipment,2186,1,none,Bank,1,1
PV-898522,existing credits paid back duly till now,furniture/equipment,4153,2,co-applicant,none,1,1
AS-24023,critical account, New Car,2625,2,guarantor,Bank,1,1
RS-197658,critical account, New Car,3485,2,none,none,2,1
SH-199757,critical account,Used Car,10477,2,none,none,2,1
SB-201707,existing credits paid back duly till now,radio/television,1386,4,none,none,1,1
JF-541549,existing credits paid back duly till now,radio/television,1278,4,none,none,1,1
DK-1298518,existing credits paid back duly till now,radio/television,1107,2,none,none,1,2
GA-1472527,existing credits paid back duly till now, New Car,3763,2,co-applicant,none,1,1
XP-218657,existing credits paid back duly till now,education,3711,2,none,none,1,1
GT-475533,delay in paying off in the past,Used Car,3594,1,none,none,2,1
HA-1492016,existing credits paid back duly till now, New Car,3195,1,none,none,1,1
JF-15295139,delay in paying off in the past,radio/television,4454,4,none,none,2,1
PR-1888082,critical account,furniture/equipment,4736,2,none,Bank,1,1
AW-1084048,existing credits paid back duly till now,radio/television,2991,2,none,none,1,1
AG-1067555,existing credits paid back duly till now,business,2142,1,none,none,1,1
CJ-1187527,all credits at this bank paid back duly,business,3161,4,none,none,1,1
AG-1076558,all credits paid back duly,Others,18424,1,none,Bank,1,1
SE-2011048,existing credits paid back duly till now,Used Car,2848,1,co-applicant,none,1,2
DM-130157,existing credits paid back duly till now, New Car,14896,1,none,Bank,1,1
AB-102551404,existing credits paid back duly till now,furniture/equipment,2359,1,none,none,1,1
VP-2173026,existing credits paid back duly till now,furniture/equipment,3345,4,none,none,1,1
JB-1604526,critical account,furniture/equipment,1817,4,none,none,2,1
MD-1786059,delay in paying off in the past,radio/television,12749,4,none,none,1,1
JM-558069,existing credits paid back duly till now,radio/television,1366,3,none,none,1,1
SC-203057,existing credits paid back duly till now, New Car,2002,3,none,none,1,2
JO-1528058,all credits at this bank paid back duly,furniture/equipment,6872,2,none,Bank,1,1
AB-25523,all credits at this bank paid back duly, New Car,697,4,none,Bank,2,1
EM-1414039,critical account,furniture/equipment,1049,4,none,none,1,1
PO-1918011,existing credits paid back duly till now,Used Car,10297,4,none,stores,3,2
AB-102551406,existing credits paid back duly till now,radio/television,1867,4,none,none,1,1
AB-102551402,delay in paying off in the past, New Car,1344,4,none,none,2,2
MG-1769527,existing credits paid back duly till now,furniture/equipment,1747,4,co-applicant,none,1,1
AP-1072092,existing credits paid back duly till now,radio/television,1670,4,none,none,1,1
SE-2011064,critical account, New Car,1224,3,none,none,2,1
JK-1532582,critical account,radio/television,522,4,none,none,2,2
RK-1930082,existing credits paid back duly till now,radio/television,1498,4,none,Bank,1,1
EJ-1415531,delay in paying off in the past,radio/television,1919,4,none,stores,2,1
JB-1600064,existing credits paid back duly till now,radio/television,745,3,none,none,1,1
AF-1087027,existing credits paid back duly till now,radio/television,2063,4,none,none,1,1
AF-1087058,existing credits paid back duly till now,education,6288,4,none,none,1,1
GM-144551,critical account,Used Car,6842,2,none,none,2,2
TP-21130144,existing credits paid back duly till now, New Car,3527,2,none,none,1,2
MT-1781527,existing credits paid back duly till now, New Car,1546,3,none,none,1,2
SM-209057,existing credits paid back duly till now,furniture/equipment,929,4,none,stores,1,1
DW-135407,critical account, New Car,1455,2,none,none,3,2
BO-142579,existing credits paid back duly till now,furniture/equipment,1845,4,guarantor,none,1,1
AB-102551408,all credits paid back duly, New Car,8358,1,none,none,2,1
CM-1193518,all credits at this bank paid back duly,furniture/equipment,3349,4,none,none,1,2
AW-10930139,existing credits paid back duly till now, New Car,2859,4,none,none,1,1
DK-1283536,existing credits paid back duly till now,furniture/equipment,1533,4,co-applicant,none,1,2
CM-122357,existing credits paid back duly till now,radio/television,3621,2,none,none,2,1
AF-1088564,critical account,business,3590,3,none,none,3,2
MP-1747048,delay in paying off in the past,business,2145,2,none,none,2,1
OT-18730120,existing credits paid back duly till now,Used Car,4113,3,none,none,1,1
ON-1871582,existing credits paid back duly till now,furniture/equipment,10974,4,none,none,2,1
JP-1546059,existing credits paid back duly till now, New Car,1893,4,guarantor,none,1,1
AS-102407,critical account,radio/television,1231,4,none,none,2,1
TB-11625134,critical account,radio/television,3656,4,none,stores,2,1
JP-5520129,critical account,radio/television,1154,2,none,none,3,1
DB-1340582,existing credits paid back duly till now, New Car,4006,3,none,none,1,1
JD-161507,existing credits paid back duly till now,furniture/equipment,3069,4,none,none,1,1
BD-1177045,critical account,radio/television,1740,2,none,none,2,1
BD-116357,delay in paying off in the past, New Car,2353,1,none,none,2,1
GR-1456045,existing credits paid back duly till now, New Car,3556,3,none,none,1,1
CC-2370108,existing credits paid back duly till now,radio/television,2397,3,none,Bank,2,1
GM-1469527,existing credits paid back duly till now,repairs,454,3,none,none,1,1
PO-8850117,existing credits paid back duly till now,radio/television,1715,4,none,none,1,1
ND-18370139,critical account,radio/television,2520,4,none,none,2,1
TZ-2144527,existing credits paid back duly till now,radio/television,3568,4,none,Bank,1,1
BT-1139564,existing credits paid back duly till now,radio/television,7166,2,none,none,1,1
JE-1547566,critical account, New Car,3939,1,none,none,2,2
RB-1943559,existing credits paid back duly till now,repairs,1514,4,guarantor,none,1,1
AI-108557,existing credits paid back duly till now, New Car,7393,1,none,none,1,2
MH-1744027,all credits at this bank paid back duly, New Car,1193,1,co-applicant,none,2,1
DB-13210120,existing credits paid back duly till now,business,7297,4,co-applicant,none,1,1
NM-1852082,critical account,radio/television,2831,4,none,none,1,1
JE-616574,existing credits paid back duly till now,radio/television,1258,3,none,none,1,1
Dl-13600130,existing credits paid back duly till now,radio/television,753,2,guarantor,none,1,1
AH-1021051,delay in paying off in the past,business,2427,4,none,none,2,1
DS-1318093,delay in paying off in the past, New Car,2538,4,none,none,2,2
DV-1304582,all credits at this bank paid back duly, New Car,1264,2,none,none,1,1
DK-1315031,critical account,furniture/equipment,8386,2,none,none,1,1
AC-10660144,existing credits paid back duly till now,business,4844,3,none,Bank,1,1
CC-1243082,existing credits paid back duly till now, New Car,2923,1,none,Bank,1,1
NG-1835531,existing credits paid back duly till now,Used Car,8229,2,none,none,1,2
KE-1642031,critical account,furniture/equipment,2028,2,none,none,2,1
SJ-202158,critical account,furniture/equipment,1433,4,none,none,2,1
AR-1082545,all credits paid back duly,business,6289,2,none,none,2,1
BM-1178558,existing credits paid back duly till now,radio/television,1409,2,none,none,1,1
JH-1582045,existing credits paid back duly till now,Used Car,6579,4,none,none,1,1
AA-1048059,critical account,radio/television,1743,4,none,none,2,1
RC-19825139,critical account,education,3565,2,none,none,2,2
MO-17800113,all credits at this bank paid back duly,radio/television,1569,4,none,Bank,1,2
JD-1601551,existing credits paid back duly till now,radio/television,1936,2,none,none,2,1
MY-182957,existing credits paid back duly till now,furniture/equipment,3959,4,none,none,1,1
EH-14005139,existing credits paid back duly till now, New Car,2390,4,none,none,1,1
AF-1088582,existing credits paid back duly till now,furniture/equipment,1736,3,none,none,1,1
JH-5910117,existing credits paid back duly till now,Used Car,3857,4,none,none,1,1
SC-10695117,existing credits paid back duly till now,radio/television,804,4,none,none,1,1
DJ-1342064,existing credits paid back duly till now,radio/television,1845,4,none,none,1,1
AG-102701402,critical account,Used Car,4576,3,none,none,1,1
